﻿<?xml version="1.0" encoding="utf-8" ?>
<Patch>
	<Operation Class="PatchOperationSequence">
		<success>Always</success>
		<operations>
			<li Class="PatchOperationTest">
				<xpath>/Defs/ThingDef[defName="Human"]/comps</xpath>
				<success>Invert</success>
			</li>
			<li Class="PatchOperationAdd">
				<xpath>/Defs/ThingDef[defName="Human"]</xpath>
				<value>
					<comps />
				</value>
			</li>
		</operations>
	</Operation>

	<Operation Class="PatchOperationAdd">
		<xpath>/Defs/ThingDef[defName="Human"]/comps</xpath>
		<value>
			<li>
				<compClass>LyingFace.CompLyingFace</compClass>
			</li>
		</value>
	</Operation>
</Patch>